[
	{
		"EmployeeId": 11,
		"EmployeeName": "Ram",
		"Experience": 1,
		"Designation": "Jr. Engineer",
		"Salary": "5LPA"
	},
	{
		"EmployeeId": 12,
		"EmployeeName": "Kiran",
		"Experience": 2.2,
		"Designation": "Jr. Developer",
		"Salary": "9LPA"
	},
	{
		"EmployeeId": 13,
		"EmployeeName": "Sujith",
		"Experience": 3.5,
		"Designation": "Sr. Engineer",
		"Salary": "12LPA"
	},
	{
		"EmployeeId": 14,
		"EmployeeName": "Joe",
		"Experience": 6,
		"Designation": "Sr. Developer",
		"Salary": "15LPA"
	},
	{
		"EmployeeId": 15,
		"EmployeeName": "Jerin",
		"Experience": 12,
		"Designation": "Sr. Lead Developer",
		"Salary": "20LPA"
	}
]